"","X","subject","type","item","condition","question","correct_answer","response","rt","group","proficiency1","proficiency2","ambiguity","trimmed_rt"
"29",29,1,"gap",19,"a","0","-","-",9041,"Non-Native",74,-0.5,0.5,9041
"46",46,1,"gap",14,"b","0","-","-",5526,"Non-Native",74,-0.5,-0.5,5526
"61",61,1,"gap",18,"b","0","-","-",10108,"Non-Native",74,-0.5,-0.5,10108
"65",65,1,"gap",21,"a","0","-","-",4589,"Non-Native",74,-0.5,0.5,4589
"79",79,1,"gap",16,"b","0","-","-",11361,"Non-Native",74,-0.5,-0.5,11361
"85",85,1,"gap",22,"b","0","-","-",14733,"Non-Native",74,-0.5,-0.5,14733
"95",95,1,"gap",15,"a","0","-","-",13338,"Non-Native",74,-0.5,0.5,13338
"113",113,1,"gap",13,"a","0","-","-",17061,"Non-Native",74,-0.5,0.5,17061
"121",121,1,"gap",17,"a","0","-","-",11833,"Non-Native",74,-0.5,0.5,11833
"135",135,1,"gap",23,"a","0","-","-",12171,"Non-Native",74,-0.5,0.5,12171
"154",154,1,"gap",24,"b","0","-","-",10121,"Non-Native",74,-0.5,-0.5,10121
"178",178,1,"gap",20,"b","0","-","-",10289,"Non-Native",74,-0.5,-0.5,10289
"202",202,2,"gap",14,"a","0","-","-",6515,"Non-Native",71,0.5,0.5,6515
"212",212,2,"gap",17,"b","0","-","-",10064,"Non-Native",71,0.5,-0.5,10064
"219",219,2,"gap",23,"b","0","-","-",7993,"Non-Native",71,0.5,-0.5,7993
"255",255,2,"gap",19,"b","0","-","-",7703,"Non-Native",71,0.5,-0.5,7703
"261",261,2,"gap",24,"a","0","-","-",11367,"Non-Native",71,0.5,0.5,11367
"275",275,2,"gap",18,"a","0","-","-",4807,"Non-Native",71,0.5,0.5,4807
"285",285,2,"gap",22,"a","0","-","-",6917,"Non-Native",71,0.5,0.5,6917
"294",294,2,"gap",20,"a","0","-","-",8511,"Non-Native",71,0.5,0.5,8511
"322",322,2,"gap",15,"b","0","-","-",6078,"Non-Native",71,0.5,-0.5,6078
"332",332,2,"gap",13,"b","0","-","-",4342,"Non-Native",71,0.5,-0.5,4342
"336",336,2,"gap",16,"a","0","-","-",6377,"Non-Native",71,0.5,0.5,6377
"357",357,2,"gap",21,"b","0","-","-",3204,"Non-Native",71,0.5,-0.5,3204
"379",379,3,"gap",23,"a","0","-","-",5486,"Non-Native",72,-0.5,0.5,5486
"385",385,3,"gap",19,"a","0","-","-",5880,"Non-Native",72,-0.5,0.5,5880
"392",392,3,"gap",14,"b","0","-","-",5846,"Non-Native",72,-0.5,-0.5,5846
"396",396,3,"gap",17,"a","0","-","-",8316,"Non-Native",72,-0.5,0.5,8316
"403",403,3,"gap",18,"b","0","-","-",8201,"Non-Native",72,-0.5,-0.5,8201
"416",416,3,"gap",21,"a","0","-","-",5149,"Non-Native",72,-0.5,0.5,5149
"432",432,3,"gap",13,"a","0","-","-",6131,"Non-Native",72,-0.5,0.5,6131
"435",435,3,"gap",16,"b","0","-","-",6124,"Non-Native",72,-0.5,-0.5,6124
"442",442,3,"gap",24,"b","0","-","-",6083,"Non-Native",72,-0.5,-0.5,6083
"459",459,3,"gap",15,"a","0","-","-",5716,"Non-Native",72,-0.5,0.5,5716
"487",487,3,"gap",22,"b","0","-","-",3995,"Non-Native",72,-0.5,-0.5,3995
"521",521,3,"gap",20,"b","0","-","-",4184,"Non-Native",72,-0.5,-0.5,4184
"555",555,4,"gap",23,"b","0","-","-",5066,"Non-Native",66,0.5,-0.5,5066
"558",558,4,"gap",18,"a","0","-","-",12251,"Non-Native",66,0.5,0.5,12251
"572",572,4,"gap",24,"a","0","-","-",4664,"Non-Native",66,0.5,0.5,4664
"581",581,4,"gap",14,"a","0","-","-",6748,"Non-Native",66,0.5,0.5,6748
"592",592,4,"gap",19,"b","0","-","-",9516,"Non-Native",66,0.5,-0.5,9516
"607",607,4,"gap",22,"a","0","-","-",6543,"Non-Native",66,0.5,0.5,6543
"618",618,4,"gap",13,"b","0","-","-",4852,"Non-Native",66,0.5,-0.5,4852
"632",632,4,"gap",15,"b","0","-","-",13170,"Non-Native",66,0.5,-0.5,13170
"647",647,4,"gap",16,"a","0","-","-",4342,"Non-Native",66,0.5,0.5,4342
"667",667,4,"gap",20,"a","0","-","-",8163,"Non-Native",66,0.5,0.5,8163
"700",700,4,"gap",17,"b","0","-","-",8918,"Non-Native",66,0.5,-0.5,8918
"718",718,4,"gap",21,"b","0","-","-",6919,"Non-Native",66,0.5,-0.5,6919
"734",734,5,"gap",24,"b","0","-","-",7293,"Non-Native",71,0.5,-0.5,7293
"744",744,5,"gap",23,"a","0","-","-",12383,"Non-Native",71,0.5,0.5,12383
"769",769,5,"gap",21,"a","0","-","-",3665,"Non-Native",71,0.5,0.5,3665
"781",781,5,"gap",13,"a","0","-","-",4194,"Non-Native",71,0.5,0.5,4194
"804",804,5,"gap",16,"b","0","-","-",15111,"Non-Native",71,0.5,-0.5,15111
"819",819,5,"gap",20,"b","0","-","-",8684,"Non-Native",71,0.5,-0.5,8684
"822",822,5,"gap",15,"a","0","-","-",4672,"Non-Native",71,0.5,0.5,4672
"829",829,5,"gap",17,"a","0","-","-",18429,"Non-Native",71,0.5,0.5,18429
"846",846,5,"gap",19,"a","0","-","-",11498,"Non-Native",71,0.5,0.5,11498
"857",857,5,"gap",22,"b","0","-","-",8600,"Non-Native",71,0.5,-0.5,8600
"869",869,5,"gap",14,"b","0","-","-",8675,"Non-Native",71,0.5,-0.5,8675
"898",898,5,"gap",18,"b","0","-","-",10339,"Non-Native",71,0.5,-0.5,10339
"914",914,6,"gap",16,"a","0","-","-",7004,"Non-Native",70,0.5,0.5,7004
"922",922,6,"gap",14,"a","0","-","-",15244,"Non-Native",70,0.5,0.5,15244
"926",926,6,"gap",21,"b","0","-","-",11963,"Non-Native",70,0.5,-0.5,11963
"937",937,6,"gap",23,"b","0","-","-",8962,"Non-Native",70,0.5,-0.5,8962
"955",955,6,"gap",18,"a","0","-","-",15143,"Non-Native",70,0.5,0.5,15143
"967",967,6,"gap",22,"a","0","-","-",6575,"Non-Native",70,0.5,0.5,6575
"971",971,6,"gap",15,"b","0","-","-",9823,"Non-Native",70,0.5,-0.5,9823
"981",981,6,"gap",24,"a","0","-","-",5869,"Non-Native",70,0.5,0.5,5869
"988",988,6,"gap",19,"b","0","-","-",11130,"Non-Native",70,0.5,-0.5,11130
"995",995,6,"gap",20,"a","0","-","-",9556,"Non-Native",70,0.5,0.5,9556
"1002",1002,6,"gap",17,"b","0","-","-",8209,"Non-Native",70,0.5,-0.5,8209
"1037",1037,6,"gap",13,"b","0","-","-",15344,"Non-Native",70,0.5,-0.5,15344
"1094",1094,7,"gap",20,"b","0","-","-",11293,"Non-Native",63,0.5,-0.5,11293
"1102",1102,7,"gap",17,"a","0","-","-",11815,"Non-Native",63,0.5,0.5,11815
"1130",1130,7,"gap",24,"b","0","-","-",18786,"Non-Native",63,0.5,-0.5,18786
"1151",1151,7,"gap",22,"b","0","-","-",6018,"Non-Native",63,0.5,-0.5,6018
"1155",1155,7,"gap",16,"b","0","-","-",5899,"Non-Native",63,0.5,-0.5,5899
"1180",1180,7,"gap",21,"a","0","-","-",6277,"Non-Native",63,0.5,0.5,6277
"1187",1187,7,"gap",18,"b","0","-","-",6337,"Non-Native",63,0.5,-0.5,6337
"1191",1191,7,"gap",15,"a","0","-","-",11334,"Non-Native",63,0.5,0.5,11334
"1199",1199,7,"gap",19,"a","0","-","-",10987,"Non-Native",63,0.5,0.5,10987
"1209",1209,7,"gap",23,"a","0","-","-",13282,"Non-Native",63,0.5,0.5,13282
"1217",1217,7,"gap",14,"b","0","-","-",8826,"Non-Native",63,0.5,-0.5,8826
"1227",1227,7,"gap",13,"a","0","-","-",8055,"Non-Native",63,0.5,0.5,8055
"1275",1275,8,"gap",14,"a","0","-","-",7902,"Non-Native",63,0.5,0.5,7902
"1287",1287,8,"gap",21,"b","0","-","-",6909,"Non-Native",63,0.5,-0.5,6909
"1290",1290,8,"gap",13,"b","0","-","-",5596,"Non-Native",63,0.5,-0.5,5596
"1310",1310,8,"gap",18,"a","0","-","-",8568,"Non-Native",63,0.5,0.5,8568
"1320",1320,8,"gap",19,"b","0","-","-",7275,"Non-Native",63,0.5,-0.5,7275
"1343",1343,8,"gap",17,"b","0","-","-",7374,"Non-Native",63,0.5,-0.5,7374
"1350",1350,8,"gap",23,"b","0","-","-",7920,"Non-Native",63,0.5,-0.5,7920
"1356",1356,8,"gap",24,"a","0","-","-",3560,"Non-Native",63,0.5,0.5,3560
"1381",1381,8,"gap",20,"a","0","-","-",3150,"Non-Native",63,0.5,0.5,3150
"1394",1394,8,"gap",16,"a","0","-","-",2397,"Non-Native",63,0.5,0.5,2397
"1401",1401,8,"gap",15,"b","0","-","-",4673,"Non-Native",63,0.5,-0.5,4673
"1405",1405,8,"gap",22,"a","0","-","-",4713,"Non-Native",63,0.5,0.5,4713
"1458",1458,9,"gap",15,"a","0","-","-",13177,"Non-Native",70,0.5,0.5,13177
"1462",1462,9,"gap",20,"b","0","-","-",8398,"Non-Native",70,0.5,-0.5,8398
"1465",1465,9,"gap",18,"b","0","-","-",11382,"Non-Native",70,0.5,-0.5,11382
"1471",1471,9,"gap",14,"b","0","-","-",5840,"Non-Native",70,0.5,-0.5,5840
"1484",1484,9,"gap",13,"a","0","-","-",6751,"Non-Native",70,0.5,0.5,6751
"1487",1487,9,"gap",17,"a","0","-","-",22957,"Non-Native",70,0.5,0.5,22957
"1520",1520,9,"gap",19,"a","0","-","-",10426,"Non-Native",70,0.5,0.5,10426
"1532",1532,9,"gap",24,"b","0","-","-",4541,"Non-Native",70,0.5,-0.5,4541
"1541",1541,9,"gap",22,"b","0","-","-",7471,"Non-Native",70,0.5,-0.5,7471
"1586",1586,9,"gap",16,"b","0","-","-",7405,"Non-Native",70,0.5,-0.5,7405
"1593",1593,9,"gap",21,"a","0","-","-",14625,"Non-Native",70,0.5,0.5,14625
"1596",1596,9,"gap",23,"a","0","-","-",3352,"Non-Native",70,0.5,0.5,3352
"1654",1654,10,"gap",18,"a","0","-","-",13054,"Non-Native",70,0.5,0.5,13054
"1661",1661,10,"gap",15,"b","0","-","-",13635,"Non-Native",70,0.5,-0.5,13635
"1665",1665,10,"gap",19,"b","0","-","-",16164,"Non-Native",70,0.5,-0.5,16164
"1687",1687,10,"gap",16,"a","0","-","-",20443,"Non-Native",70,0.5,0.5,20443
"1698",1698,10,"gap",13,"b","0","-","-",11707,"Non-Native",70,0.5,-0.5,11707
"1706",1706,10,"gap",21,"b","0","-","-",14731,"Non-Native",70,0.5,-0.5,14731
"1713",1713,10,"gap",22,"a","0","-","-",16647,"Non-Native",70,0.5,0.5,16647
"1734",1734,10,"gap",17,"b","0","-","-",22383,"Non-Native",70,0.5,-0.5,22383
"1745",1745,10,"gap",20,"a","0","-","-",15723,"Non-Native",70,0.5,0.5,15723
"1757",1757,10,"gap",24,"a","0","-","-",19317,"Non-Native",70,0.5,0.5,19317
"1791",1791,10,"gap",23,"b","0","-","-",7571,"Non-Native",70,0.5,-0.5,7571
"1797",1797,10,"gap",14,"a","0","-","-",8881,"Non-Native",70,0.5,0.5,8881
"1823",1823,11,"gap",17,"a","0","-","-",6593,"Non-Native",73,-0.5,0.5,6593
"1839",1839,11,"gap",23,"a","0","-","-",5333,"Non-Native",73,-0.5,0.5,5333
"1850",1850,11,"gap",13,"a","0","-","-",4088,"Non-Native",73,-0.5,0.5,4088
"1858",1858,11,"gap",16,"b","0","-","-",3519,"Non-Native",73,-0.5,-0.5,3519
"1865",1865,11,"gap",24,"b","0","-","-",3664,"Non-Native",73,-0.5,-0.5,3664
"1905",1905,11,"gap",15,"a","0","-","-",11858,"Non-Native",73,-0.5,0.5,11858
"1926",1926,11,"gap",19,"a","0","-","-",2867,"Non-Native",73,-0.5,0.5,2867
"1936",1936,11,"gap",18,"b","0","-","-",8229,"Non-Native",73,-0.5,-0.5,8229
"1939",1939,11,"gap",22,"b","0","-","-",2685,"Non-Native",73,-0.5,-0.5,2685
"1955",1955,11,"gap",21,"a","0","-","-",2669,"Non-Native",73,-0.5,0.5,2669
"1965",1965,11,"gap",14,"b","0","-","-",3394,"Non-Native",73,-0.5,-0.5,3394
"1968",1968,11,"gap",20,"b","0","-","-",2379,"Non-Native",73,-0.5,-0.5,2379
"1995",1995,12,"gap",20,"a","0","-","-",6626,"Non-Native",72,-0.5,0.5,6626
"2018",2018,12,"gap",23,"b","0","-","-",5964,"Non-Native",72,-0.5,-0.5,5964
"2044",2044,12,"gap",19,"b","0","-","-",8042,"Non-Native",72,-0.5,-0.5,8042
"2048",2048,12,"gap",15,"b","0","-","-",10316,"Non-Native",72,-0.5,-0.5,10316
"2052",2052,12,"gap",17,"b","0","-","-",8427,"Non-Native",72,-0.5,-0.5,8427
"2056",2056,12,"gap",24,"a","0","-","-",4341,"Non-Native",72,-0.5,0.5,4341
"2062",2062,12,"gap",18,"a","0","-","-",6425,"Non-Native",72,-0.5,0.5,6425
"2072",2072,12,"gap",14,"a","0","-","-",8633,"Non-Native",72,-0.5,0.5,8633
"2116",2116,12,"gap",13,"b","0","-","-",9440,"Non-Native",72,-0.5,-0.5,9440
"2123",2123,12,"gap",21,"b","0","-","-",3857,"Non-Native",72,-0.5,-0.5,3857
"2151",2151,12,"gap",22,"a","0","-","-",7662,"Non-Native",72,-0.5,0.5,7662
"2155",2155,12,"gap",16,"a","0","-","-",10493,"Non-Native",72,-0.5,0.5,10493
"2175",2175,13,"gap",18,"b","0","-","-",10775,"Non-Native",75,-0.5,-0.5,10775
"2182",2182,13,"gap",22,"b","0","-","-",10884,"Non-Native",75,-0.5,-0.5,10884
"2214",2214,13,"gap",16,"b","0","-","-",14221,"Non-Native",75,-0.5,-0.5,14221
"2222",2222,13,"gap",14,"b","0","-","-",11955,"Non-Native",75,-0.5,-0.5,11955
"2239",2239,13,"gap",15,"a","0","-","-",6814,"Non-Native",75,-0.5,0.5,6814
"2272",2272,13,"gap",19,"a","0","-","-",8167,"Non-Native",75,-0.5,0.5,8167
"2286",2286,13,"gap",24,"b","0","-","-",9825,"Non-Native",75,-0.5,-0.5,9825
"2292",2292,13,"gap",21,"a","0","-","-",5797,"Non-Native",75,-0.5,0.5,5797
"2300",2300,13,"gap",13,"a","0","-","-",5369,"Non-Native",75,-0.5,0.5,5369
"2303",2303,13,"gap",17,"a","0","-","-",12522,"Non-Native",75,-0.5,0.5,12522
"2326",2326,13,"gap",20,"b","0","-","-",3569,"Non-Native",75,-0.5,-0.5,3569
"2338",2338,13,"gap",23,"a","0","-","-",9555,"Non-Native",75,-0.5,0.5,9555
"2365",2365,14,"gap",21,"b","0","-","-",11125,"Non-Native",69,0.5,-0.5,11125
"2382",2382,14,"gap",18,"a","0","-","-",7979,"Non-Native",69,0.5,0.5,7979
"2390",2390,14,"gap",17,"b","0","-","-",14040,"Non-Native",69,0.5,-0.5,14040
"2394",2394,14,"gap",23,"b","0","-","-",7209,"Non-Native",69,0.5,-0.5,7209
"2409",2409,14,"gap",24,"a","0","-","-",19528,"Non-Native",69,0.5,0.5,19528
"2430",2430,14,"gap",15,"b","0","-","-",15912,"Non-Native",69,0.5,-0.5,15912
"2436",2436,14,"gap",16,"a","0","-","-",11934,"Non-Native",69,0.5,0.5,11934
"2450",2450,14,"gap",20,"a","0","-","-",7116,"Non-Native",69,0.5,0.5,7116
"2457",2457,14,"gap",14,"a","0","-","-",8760,"Non-Native",69,0.5,0.5,8760
"2474",2474,14,"gap",19,"b","0","-","-",9482,"Non-Native",69,0.5,-0.5,9482
"2482",2482,14,"gap",22,"a","0","-","-",7281,"Non-Native",69,0.5,0.5,7281
"2501",2501,14,"gap",13,"b","0","-","-",4975,"Non-Native",69,0.5,-0.5,4975
"2540",2540,15,"gap",22,"b","0","-","-",14926,"Non-Native",77,-0.5,-0.5,14926
"2558",2558,15,"gap",16,"b","0","-","-",5989,"Non-Native",77,-0.5,-0.5,5989
"2575",2575,15,"gap",23,"a","0","-","-",17436,"Non-Native",77,-0.5,0.5,17436
"2600",2600,15,"gap",13,"a","0","-","-",20737,"Non-Native",77,-0.5,0.5,20737
"2604",2604,15,"gap",14,"b","0","-","-",13663,"Non-Native",77,-0.5,-0.5,13663
"2615",2615,15,"gap",21,"a","0","-","-",4142,"Non-Native",77,-0.5,0.5,4142
"2622",2622,15,"gap",18,"b","0","-","-",14768,"Non-Native",77,-0.5,-0.5,14768
"2626",2626,15,"gap",15,"a","0","-","-",13258,"Non-Native",77,-0.5,0.5,13258
"2635",2635,15,"gap",19,"a","0","-","-",12474,"Non-Native",77,-0.5,0.5,12474
"2642",2642,15,"gap",20,"b","0","-","-",4195,"Non-Native",77,-0.5,-0.5,4195
"2652",2652,15,"gap",24,"b","0","-","-",9129,"Non-Native",77,-0.5,-0.5,9129
"2666",2666,15,"gap",17,"a","0","-","-",12714,"Non-Native",77,-0.5,0.5,12714
"2714",2714,16,"gap",22,"a","0","-","-",6163,"Non-Native",89,-0.5,0.5,6163
"2738",2738,16,"gap",23,"b","0","-","-",5821,"Non-Native",89,-0.5,-0.5,5821
"2767",2767,16,"gap",14,"a","0","-","-",9812,"Non-Native",89,-0.5,0.5,9812
"2774",2774,16,"gap",16,"a","0","-","-",14603,"Non-Native",89,-0.5,0.5,14603
"2785",2785,16,"gap",19,"b","0","-","-",9449,"Non-Native",89,-0.5,-0.5,9449
"2810",2810,16,"gap",15,"b","0","-","-",10134,"Non-Native",89,-0.5,-0.5,10134
"2817",2817,16,"gap",21,"b","0","-","-",5936,"Non-Native",89,-0.5,-0.5,5936
"2831",2831,16,"gap",13,"b","0","-","-",7958,"Non-Native",89,-0.5,-0.5,7958
"2838",2838,16,"gap",24,"a","0","-","-",24544,"Non-Native",89,-0.5,0.5,24544
"2845",2845,16,"gap",17,"b","0","-","-",13536,"Non-Native",89,-0.5,-0.5,13536
"2852",2852,16,"gap",18,"a","0","-","-",6675,"Non-Native",89,-0.5,0.5,6675
"2855",2855,16,"gap",20,"a","0","-","-",4020,"Non-Native",89,-0.5,0.5,4020
"2901",2901,17,"gap",22,"b","0","-","-",6056,"Non-Native",82,-0.5,-0.5,6056
"2932",2932,17,"gap",16,"b","0","-","-",9563,"Non-Native",82,-0.5,-0.5,9563
"2952",2952,17,"gap",14,"b","0","-","-",8581,"Non-Native",82,-0.5,-0.5,8581
"2956",2956,17,"gap",15,"a","0","-","-",29355,"Non-Native",82,-0.5,0.5,29355
"2984",2984,17,"gap",13,"a","0","-","-",12486,"Non-Native",82,-0.5,0.5,12486
"2991",2991,17,"gap",19,"a","0","-","-",16107,"Non-Native",82,-0.5,0.5,16107
"2997",2997,17,"gap",17,"a","0","-","-",14033,"Non-Native",82,-0.5,0.5,14033
"3012",3012,17,"gap",23,"a","0","-","-",9096,"Non-Native",82,-0.5,0.5,9096
"3034",3034,17,"gap",20,"b","0","-","-",14143,"Non-Native",82,-0.5,-0.5,14143
"3037",3037,17,"gap",21,"a","0","-","-",21254,"Non-Native",82,-0.5,0.5,21254
"3041",3041,17,"gap",24,"b","0","-","-",19293,"Non-Native",82,-0.5,-0.5,19293
"3058",3058,17,"gap",18,"b","0","-","-",14574,"Non-Native",82,-0.5,-0.5,14574
"3086",3086,18,"gap",15,"b","0","-","-",10251,"Non-Native",89,-0.5,-0.5,10251
"3094",3094,18,"gap",13,"b","0","-","-",7037,"Non-Native",89,-0.5,-0.5,7037
"3124",3124,18,"gap",14,"a","0","-","-",7308,"Non-Native",89,-0.5,0.5,7308
"3131",3131,18,"gap",23,"b","0","-","-",6511,"Non-Native",89,-0.5,-0.5,6511
"3137",3137,18,"gap",22,"a","0","-","-",6125,"Non-Native",89,-0.5,0.5,6125
"3151",3151,18,"gap",17,"b","0","-","-",4935,"Non-Native",89,-0.5,-0.5,4935
"3165",3165,18,"gap",18,"a","0","-","-",4247,"Non-Native",89,-0.5,0.5,4247
"3210",3210,18,"gap",24,"a","0","-","-",5916,"Non-Native",89,-0.5,0.5,5916
"3220",3220,18,"gap",20,"a","0","-","-",6609,"Non-Native",89,-0.5,0.5,6609
"3227",3227,18,"gap",19,"b","0","-","-",4045,"Non-Native",89,-0.5,-0.5,4045
"3231",3231,18,"gap",21,"b","0","-","-",3137,"Non-Native",89,-0.5,-0.5,3137
"3234",3234,18,"gap",16,"a","0","-","-",4757,"Non-Native",89,-0.5,0.5,4757
"3277",3277,19,"gap",23,"a","0","-","-",17373,"Non-Native",53,0.5,0.5,17373
"3306",3306,19,"gap",18,"b","0","-","-",9409,"Non-Native",53,0.5,-0.5,9409
"3309",3309,19,"gap",24,"b","0","-","-",16957,"Non-Native",53,0.5,-0.5,16957
"3322",3322,19,"gap",22,"b","0","-","-",9467,"Non-Native",53,0.5,-0.5,9467
"3325",3325,19,"gap",16,"b","0","-","-",9243,"Non-Native",53,0.5,-0.5,9243
"3345",3345,19,"gap",13,"a","0","-","-",9091,"Non-Native",53,0.5,0.5,9091
"3361",3361,19,"gap",19,"a","0","-","-",8211,"Non-Native",53,0.5,0.5,8211
"3383",3383,19,"gap",14,"b","0","-","-",7423,"Non-Native",53,0.5,-0.5,7423
"3391",3391,19,"gap",15,"a","0","-","-",12472,"Non-Native",53,0.5,0.5,12472
"3394",3394,19,"gap",17,"a","0","-","-",6559,"Non-Native",53,0.5,0.5,6559
"3407",3407,19,"gap",21,"a","0","-","-",13767,"Non-Native",53,0.5,0.5,13767
"3418",3418,19,"gap",20,"b","0","-","-",10372,"Non-Native",53,0.5,-0.5,10372
"3437",3437,20,"gap",15,"b","0","-","-",12790,"Non-Native",81,-0.5,-0.5,12790
"3451",3451,20,"gap",17,"b","0","-","-",11584,"Non-Native",81,-0.5,-0.5,11584
"3468",3468,20,"gap",21,"b","0","-","-",7535,"Non-Native",81,-0.5,-0.5,7535
"3475",3475,20,"gap",23,"b","0","-","-",14203,"Non-Native",81,-0.5,-0.5,14203
"3492",3492,20,"gap",22,"a","0","-","-",12407,"Non-Native",81,-0.5,0.5,12407
"3512",3512,20,"gap",18,"a","0","-","-",8916,"Non-Native",81,-0.5,0.5,8916
"3524",3524,20,"gap",19,"b","0","-","-",10706,"Non-Native",81,-0.5,-0.5,10706
"3531",3531,20,"gap",16,"a","0","-","-",16437,"Non-Native",81,-0.5,0.5,16437
"3534",3534,20,"gap",24,"a","0","-","-",6744,"Non-Native",81,-0.5,0.5,6744
"3543",3543,20,"gap",14,"a","0","-","-",9924,"Non-Native",81,-0.5,0.5,9924
"3586",3586,20,"gap",13,"b","0","-","-",12807,"Non-Native",81,-0.5,-0.5,12807
"3589",3589,20,"gap",20,"a","0","-","-",8565,"Non-Native",81,-0.5,0.5,8565
"3618",3618,21,"gap",24,"b","0","-","-",6513,"Non-Native",86,-0.5,-0.5,6513
"3627",3627,21,"gap",17,"a","0","-","-",5676,"Non-Native",86,-0.5,0.5,5676
"3639",3639,21,"gap",23,"a","0","-","-",5436,"Non-Native",86,-0.5,0.5,5436
"3650",3650,21,"gap",13,"a","0","-","-",6248,"Non-Native",86,-0.5,0.5,6248
"3674",3674,21,"gap",18,"b","0","-","-",7757,"Non-Native",86,-0.5,-0.5,7757
"3689",3689,21,"gap",20,"b","0","-","-",5297,"Non-Native",86,-0.5,-0.5,5297
"3693",3693,21,"gap",21,"a","0","-","-",5368,"Non-Native",86,-0.5,0.5,5368
"3704",3704,21,"gap",19,"a","0","-","-",8982,"Non-Native",86,-0.5,0.5,8982
"3708",3708,21,"gap",14,"b","0","-","-",12042,"Non-Native",86,-0.5,-0.5,12042
"3716",3716,21,"gap",16,"b","0","-","-",5046,"Non-Native",86,-0.5,-0.5,5046
"3742",3742,21,"gap",15,"a","0","-","-",7885,"Non-Native",86,-0.5,0.5,7885
"3771",3771,21,"gap",22,"b","0","-","-",5492,"Non-Native",86,-0.5,-0.5,5492
"3804",3804,22,"gap",19,"b","0","-","-",6301,"Non-Native",53,0.5,-0.5,6301
"3810",3810,22,"gap",24,"a","0","-","-",7531,"Non-Native",53,0.5,0.5,7531
"3817",3817,22,"gap",13,"b","0","-","-",8557,"Non-Native",53,0.5,-0.5,8557
"3864",3864,22,"gap",15,"b","0","-","-",4590,"Non-Native",53,0.5,-0.5,4590
"3867",3867,22,"gap",22,"a","0","-","-",3339,"Non-Native",53,0.5,0.5,3339
"3884",3884,22,"gap",14,"a","0","-","-",3142,"Non-Native",53,0.5,0.5,3142
"3895",3895,22,"gap",17,"b","0","-","-",3279,"Non-Native",53,0.5,-0.5,3279
"3912",3912,22,"gap",23,"b","0","-","-",2954,"Non-Native",53,0.5,-0.5,2954
"3919",3919,22,"gap",16,"a","0","-","-",4139,"Non-Native",53,0.5,0.5,4139
"3923",3923,22,"gap",20,"a","0","-","-",3444,"Non-Native",53,0.5,0.5,3444
"3929",3929,22,"gap",21,"b","0","-","-",7775,"Non-Native",53,0.5,-0.5,7775
"3954",3954,22,"gap",18,"a","0","-","-",3417,"Non-Native",53,0.5,0.5,3417
"3986",3986,23,"gap",13,"a","0","-","-",3484,"Non-Native",79,-0.5,0.5,3484
"3994",3994,23,"gap",17,"a","0","-","-",6017,"Non-Native",79,-0.5,0.5,6017
"4005",4005,23,"gap",18,"b","0","-","-",3045,"Non-Native",79,-0.5,-0.5,3045
"4008",4008,23,"gap",23,"a","0","-","-",2638,"Non-Native",79,-0.5,0.5,2638
"4016",4016,23,"gap",22,"b","0","-","-",3022,"Non-Native",79,-0.5,-0.5,3022
"4056",4056,23,"gap",15,"a","0","-","-",3669,"Non-Native",79,-0.5,0.5,3669
"4072",4072,23,"gap",20,"b","0","-","-",2510,"Non-Native",79,-0.5,-0.5,2510
"4078",4078,23,"gap",14,"b","0","-","-",3979,"Non-Native",79,-0.5,-0.5,3979
"4082",4082,23,"gap",16,"b","0","-","-",4256,"Non-Native",79,-0.5,-0.5,4256
"4113",4113,23,"gap",24,"b","0","-","-",5309,"Non-Native",79,-0.5,-0.5,5309
"4120",4120,23,"gap",19,"a","0","-","-",3244,"Non-Native",79,-0.5,0.5,3244
"4124",4124,23,"gap",21,"a","0","-","-",4499,"Non-Native",79,-0.5,0.5,4499
"4162",4162,24,"gap",20,"a","0","-","-",8149,"Non-Native",86,-0.5,0.5,8149
"4172",4172,24,"gap",18,"a","0","-","-",7206,"Non-Native",86,-0.5,0.5,7206
"4190",4190,24,"gap",15,"b","0","-","-",6365,"Non-Native",86,-0.5,-0.5,6365
"4195",4195,24,"gap",23,"b","0","-","-",9042,"Non-Native",86,-0.5,-0.5,9042
"4202",4202,24,"gap",19,"b","0","-","-",10908,"Non-Native",86,-0.5,-0.5,10908
"4210",4210,24,"gap",14,"a","0","-","-",9032,"Non-Native",86,-0.5,0.5,9032
"4221",4221,24,"gap",17,"b","0","-","-",6124,"Non-Native",86,-0.5,-0.5,6124
"4238",4238,24,"gap",16,"a","0","-","-",13683,"Non-Native",86,-0.5,0.5,13683
"4242",4242,24,"gap",22,"a","0","-","-",11425,"Non-Native",86,-0.5,0.5,11425
"4279",4279,24,"gap",24,"a","0","-","-",10410,"Non-Native",86,-0.5,0.5,10410
"4292",4292,24,"gap",21,"b","0","-","-",8013,"Non-Native",86,-0.5,-0.5,8013
"4317",4317,24,"gap",13,"b","0","-","-",6376,"Non-Native",86,-0.5,-0.5,6376
"4344",4344,25,"gap",13,"a","0","-","-",4545,"Non-Native",52,0.5,0.5,4545
"4357",4357,25,"gap",18,"b","0","-","-",5615,"Non-Native",52,0.5,-0.5,5615
"4379",4379,25,"gap",17,"a","0","-","-",4588,"Non-Native",52,0.5,0.5,4588
"4387",4387,25,"gap",20,"b","0","-","-",3514,"Non-Native",52,0.5,-0.5,3514
"4406",4406,25,"gap",22,"b","0","-","-",2980,"Non-Native",52,0.5,-0.5,2980
"4417",4417,25,"gap",16,"b","0","-","-",6392,"Non-Native",52,0.5,-0.5,6392
"4432",4432,25,"gap",21,"a","0","-","-",3608,"Non-Native",52,0.5,0.5,3608
"4450",4450,25,"gap",24,"b","0","-","-",6756,"Non-Native",52,0.5,-0.5,6756
"4453",4453,25,"gap",23,"a","0","-","-",6656,"Non-Native",52,0.5,0.5,6656
"4487",4487,25,"gap",19,"a","0","-","-",5691,"Non-Native",52,0.5,0.5,5691
"4491",4491,25,"gap",15,"a","0","-","-",9663,"Non-Native",52,0.5,0.5,9663
"4494",4494,25,"gap",14,"b","0","-","-",4366,"Non-Native",52,0.5,-0.5,4366
"4518",4518,26,"gap",22,"a","0","-","-",6871,"Non-Native",83,-0.5,0.5,6871
"4531",4531,26,"gap",16,"a","0","-","-",3370,"Non-Native",83,-0.5,0.5,3370
"4538",4538,26,"gap",23,"b","0","-","-",4568,"Non-Native",83,-0.5,-0.5,4568
"4551",4551,26,"gap",21,"b","0","-","-",3995,"Non-Native",83,-0.5,-0.5,3995
"4570",4570,26,"gap",17,"b","0","-","-",4146,"Non-Native",83,-0.5,-0.5,4146
"4595",4595,26,"gap",20,"a","0","-","-",3107,"Non-Native",83,-0.5,0.5,3107
"4598",4598,26,"gap",18,"a","0","-","-",4054,"Non-Native",83,-0.5,0.5,4054
"4607",4607,26,"gap",19,"b","0","-","-",2851,"Non-Native",83,-0.5,-0.5,2851
"4611",4611,26,"gap",24,"a","0","-","-",4144,"Non-Native",83,-0.5,0.5,4144
"4624",4624,26,"gap",15,"b","0","-","-",4317,"Non-Native",83,-0.5,-0.5,4317
"4635",4635,26,"gap",14,"a","0","-","-",2852,"Non-Native",83,-0.5,0.5,2852
"4646",4646,26,"gap",13,"b","0","-","-",3384,"Non-Native",83,-0.5,-0.5,3384
"4698",4698,27,"gap",13,"a","0","-","-",9201,"Non-Native",63,0.5,0.5,9201
"4701",4701,27,"gap",18,"b","0","-","-",12939,"Non-Native",63,0.5,-0.5,12939
"4716",4716,27,"gap",14,"b","0","-","-",14117,"Non-Native",63,0.5,-0.5,14117
"4722",4722,27,"gap",17,"a","0","-","-",11171,"Non-Native",63,0.5,0.5,11171
"4738",4738,27,"gap",23,"a","0","-","-",10113,"Non-Native",63,0.5,0.5,10113
"4752",4752,27,"gap",22,"b","0","-","-",9006,"Non-Native",63,0.5,-0.5,9006
"4759",4759,27,"gap",19,"a","0","-","-",9137,"Non-Native",63,0.5,0.5,9137
"4774",4774,27,"gap",20,"b","0","-","-",6901,"Non-Native",63,0.5,-0.5,6901
"4791",4791,27,"gap",16,"b","0","-","-",11699,"Non-Native",63,0.5,-0.5,11699
"4805",4805,27,"gap",24,"b","0","-","-",14871,"Non-Native",63,0.5,-0.5,14871
"4842",4842,27,"gap",21,"a","0","-","-",8669,"Non-Native",63,0.5,0.5,8669
"4846",4846,27,"gap",15,"a","0","-","-",14170,"Non-Native",63,0.5,0.5,14170
"4878",4878,28,"gap",13,"b","0","-","-",15013,"Non-Native",85,-0.5,-0.5,15013
"4889",4889,28,"gap",21,"b","0","-","-",11565,"Non-Native",85,-0.5,-0.5,11565
"4913",4913,28,"gap",22,"a","0","-","-",10846,"Non-Native",85,-0.5,0.5,10846
"4923",4923,28,"gap",23,"b","0","-","-",8666,"Non-Native",85,-0.5,-0.5,8666
"4930",4930,28,"gap",16,"a","0","-","-",21597,"Non-Native",85,-0.5,0.5,21597
"4936",4936,28,"gap",15,"b","0","-","-",9834,"Non-Native",85,-0.5,-0.5,9834
"4949",4949,28,"gap",18,"a","0","-","-",11152,"Non-Native",85,-0.5,0.5,11152
"4956",4956,28,"gap",19,"b","0","-","-",11744,"Non-Native",85,-0.5,-0.5,11744
"4995",4995,28,"gap",20,"a","0","-","-",26908,"Non-Native",85,-0.5,0.5,26908
"5019",5019,28,"gap",17,"b","0","-","-",13831,"Non-Native",85,-0.5,-0.5,13831
"5022",5022,28,"gap",24,"a","0","-","-",12867,"Non-Native",85,-0.5,0.5,12867
"5034",5034,28,"gap",14,"a","0","-","-",9468,"Non-Native",85,-0.5,0.5,9468
"5075",5075,29,"gap",24,"b","0","-","-",2644,"Non-Native",85,-0.5,-0.5,2644
"5097",5097,29,"gap",22,"b","0","-","-",4582,"Non-Native",85,-0.5,-0.5,4582
"5100",5100,29,"gap",19,"a","0","-","-",2380,"Non-Native",85,-0.5,0.5,2380
"5108",5108,29,"gap",21,"a","0","-","-",4323,"Non-Native",85,-0.5,0.5,4323
"5116",5116,29,"gap",15,"a","0","-","-",3955,"Non-Native",85,-0.5,0.5,3955
"5136",5136,29,"gap",18,"b","0","-","-",3127,"Non-Native",85,-0.5,-0.5,3127
"5151",5151,29,"gap",14,"b","0","-","-",4160,"Non-Native",85,-0.5,-0.5,4160
"5180",5180,29,"gap",13,"a","0","-","-",2552,"Non-Native",85,-0.5,0.5,2552
"5195",5195,29,"gap",23,"a","0","-","-",3488,"Non-Native",85,-0.5,0.5,3488
"5201",5201,29,"gap",20,"b","0","-","-",2757,"Non-Native",85,-0.5,-0.5,2757
"5215",5215,29,"gap",16,"b","0","-","-",4319,"Non-Native",85,-0.5,-0.5,4319
"5218",5218,29,"gap",17,"a","0","-","-",2941,"Non-Native",85,-0.5,0.5,2941
"5235",5235,30,"gap",13,"b","0","-","-",7198,"Non-Native",60,0.5,-0.5,7198
"5245",5245,30,"gap",23,"b","0","-","-",6130,"Non-Native",60,0.5,-0.5,6130
"5253",5253,30,"gap",21,"b","0","-","-",4705,"Non-Native",60,0.5,-0.5,4705
"5265",5265,30,"gap",18,"a","0","-","-",5070,"Non-Native",60,0.5,0.5,5070
"5283",5283,30,"gap",14,"a","0","-","-",4532,"Non-Native",60,0.5,0.5,4532
"5296",5296,30,"gap",15,"b","0","-","-",10013,"Non-Native",60,0.5,-0.5,10013
"5311",5311,30,"gap",19,"b","0","-","-",4886,"Non-Native",60,0.5,-0.5,4886
"5326",5326,30,"gap",16,"a","0","-","-",6233,"Non-Native",60,0.5,0.5,6233
"5343",5343,30,"gap",22,"a","0","-","-",9552,"Non-Native",60,0.5,0.5,9552
"5361",5361,30,"gap",17,"b","0","-","-",7930,"Non-Native",60,0.5,-0.5,7930
"5384",5384,30,"gap",20,"a","0","-","-",3579,"Non-Native",60,0.5,0.5,3579
"5397",5397,30,"gap",24,"a","0","-","-",4765,"Non-Native",60,0.5,0.5,4765
"5428",5428,31,"gap",23,"a","0","-","-",5195,"Non-Native",59,0.5,0.5,5195
"5451",5451,31,"gap",24,"b","0","-","-",6154,"Non-Native",59,0.5,-0.5,6154
"5464",5464,31,"gap",21,"a","0","-","-",7147,"Non-Native",59,0.5,0.5,7147
"5476",5476,31,"gap",20,"b","0","-","-",5295,"Non-Native",59,0.5,-0.5,5295
"5484",5484,31,"gap",22,"b","0","-","-",4978,"Non-Native",59,0.5,-0.5,4978
"5487",5487,31,"gap",18,"b","0","-","-",4945,"Non-Native",59,0.5,-0.5,4945
"5496",5496,31,"gap",15,"a","0","-","-",4796,"Non-Native",59,0.5,0.5,4796
"5499",5499,31,"gap",14,"b","0","-","-",6752,"Non-Native",59,0.5,-0.5,6752
"5524",5524,31,"gap",17,"a","0","-","-",3938,"Non-Native",59,0.5,0.5,3938
"5540",5540,31,"gap",19,"a","0","-","-",3941,"Non-Native",59,0.5,0.5,3941
"5544",5544,31,"gap",16,"b","0","-","-",6944,"Non-Native",59,0.5,-0.5,6944
"5553",5553,31,"gap",13,"a","0","-","-",4612,"Non-Native",59,0.5,0.5,4612
"5594",5594,32,"gap",23,"b","0","-","-",4814,"Non-Native",71,0.5,-0.5,4814
"5617",5617,32,"gap",15,"b","0","-","-",7280,"Non-Native",71,0.5,-0.5,7280
"5627",5627,32,"gap",20,"a","0","-","-",4568,"Non-Native",71,0.5,0.5,4568
"5652",5652,32,"gap",21,"b","0","-","-",5521,"Non-Native",71,0.5,-0.5,5521
"5659",5659,32,"gap",14,"a","0","-","-",4276,"Non-Native",71,0.5,0.5,4276
"5667",5667,32,"gap",19,"b","0","-","-",4950,"Non-Native",71,0.5,-0.5,4950
"5675",5675,32,"gap",16,"a","0","-","-",9792,"Non-Native",71,0.5,0.5,9792
"5678",5678,32,"gap",22,"a","0","-","-",6361,"Non-Native",71,0.5,0.5,6361
"5721",5721,32,"gap",18,"a","0","-","-",8201,"Non-Native",71,0.5,0.5,8201
"5732",5732,32,"gap",24,"a","0","-","-",5940,"Non-Native",71,0.5,0.5,5940
"5746",5746,32,"gap",13,"b","0","-","-",4653,"Non-Native",71,0.5,-0.5,4653
"5754",5754,32,"gap",17,"b","0","-","-",5591,"Non-Native",71,0.5,-0.5,5591
"5779",5779,33,"gap",15,"a","0","-","-",10578,"Non-Native",74,-0.5,0.5,10578
"5789",5789,33,"gap",19,"a","0","-","-",12956,"Non-Native",74,-0.5,0.5,12956
"5806",5806,33,"gap",13,"a","0","-","-",8709,"Non-Native",74,-0.5,0.5,8709
"5820",5820,33,"gap",23,"a","0","-","-",12485,"Non-Native",74,-0.5,0.5,12485
"5835",5835,33,"gap",20,"b","0","-","-",5413,"Non-Native",74,-0.5,-0.5,5413
"5838",5838,33,"gap",22,"b","0","-","-",7523,"Non-Native",74,-0.5,-0.5,7523
"5860",5860,33,"gap",17,"a","0","-","-",6697,"Non-Native",74,-0.5,0.5,6697
"5874",5874,33,"gap",24,"b","0","-","-",8628,"Non-Native",74,-0.5,-0.5,8628
"5881",5881,33,"gap",21,"a","0","-","-",9974,"Non-Native",74,-0.5,0.5,9974
"5891",5891,33,"gap",16,"b","0","-","-",8846,"Non-Native",74,-0.5,-0.5,8846
"5908",5908,33,"gap",18,"b","0","-","-",11554,"Non-Native",74,-0.5,-0.5,11554
"5915",5915,33,"gap",14,"b","0","-","-",6656,"Non-Native",74,-0.5,-0.5,6656
"5959",5959,34,"gap",16,"a","0","-","-",8000,"Non-Native",57,0.5,0.5,8000
"5985",5985,34,"gap",21,"b","0","-","-",9917,"Non-Native",57,0.5,-0.5,9917
"6008",6008,34,"gap",22,"a","0","-","-",7144,"Non-Native",57,0.5,0.5,7144
"6016",6016,34,"gap",15,"b","0","-","-",6247,"Non-Native",57,0.5,-0.5,6247
"6026",6026,34,"gap",19,"b","0","-","-",6489,"Non-Native",57,0.5,-0.5,6489
"6032",6032,34,"gap",23,"b","0","-","-",14183,"Non-Native",57,0.5,-0.5,14183
"6042",6042,34,"gap",14,"a","0","-","-",3582,"Non-Native",57,0.5,0.5,3582
"6046",6046,34,"gap",24,"a","0","-","-",17159,"Non-Native",57,0.5,0.5,17159
"6060",6060,34,"gap",13,"b","0","-","-",6583,"Non-Native",57,0.5,-0.5,6583
"6096",6096,34,"gap",20,"a","0","-","-",6033,"Non-Native",57,0.5,0.5,6033
"6099",6099,34,"gap",17,"b","0","-","-",7691,"Non-Native",57,0.5,-0.5,7691
"6118",6118,34,"gap",18,"a","0","-","-",7527,"Non-Native",57,0.5,0.5,7527
"6157",6157,35,"gap",20,"b","0","-","-",4711,"Non-Native",60,0.5,-0.5,4711
"6164",6164,35,"gap",14,"b","0","-","-",5869,"Non-Native",60,0.5,-0.5,5869
"6171",6171,35,"gap",19,"a","0","-","-",10232,"Non-Native",60,0.5,0.5,10232
"6178",6178,35,"gap",18,"b","0","-","-",19438,"Non-Native",60,0.5,-0.5,19438
"6191",6191,35,"gap",17,"a","0","-","-",10424,"Non-Native",60,0.5,0.5,10424
"6232",6232,35,"gap",22,"b","0","-","-",9502,"Non-Native",60,0.5,-0.5,9502
"6239",6239,35,"gap",24,"b","0","-","-",6211,"Non-Native",60,0.5,-0.5,6211
"6242",6242,35,"gap",13,"a","0","-","-",4950,"Non-Native",60,0.5,0.5,4950
"6252",6252,35,"gap",15,"a","0","-","-",8986,"Non-Native",60,0.5,0.5,8986
"6260",6260,35,"gap",16,"b","0","-","-",16098,"Non-Native",60,0.5,-0.5,16098
"6266",6266,35,"gap",23,"a","0","-","-",4878,"Non-Native",60,0.5,0.5,4878
"6276",6276,35,"gap",21,"a","0","-","-",7287,"Non-Native",60,0.5,0.5,7287
"6322",6322,36,"gap",15,"b","0","-","-",31597,"Non-Native",65,0.5,-0.5,31597
"6328",6328,36,"gap",18,"a","0","-","-",23695,"Non-Native",65,0.5,0.5,23695
"6331",6331,36,"gap",16,"a","0","-","-",39706,"Non-Native",65,0.5,0.5,39706
"6342",6342,36,"gap",14,"a","0","-","-",21242,"Non-Native",65,0.5,0.5,21242
"6366",6366,36,"gap",24,"a","0","-","-",21392,"Non-Native",65,0.5,0.5,21392
"6373",6373,36,"gap",22,"a","0","-","-",24167,"Non-Native",65,0.5,0.5,24167
"6377",6377,36,"gap",23,"b","0","-","-",28891,"Non-Native",65,0.5,-0.5,28891
"6398",6398,36,"gap",13,"b","0","-","-",8712,"Non-Native",65,0.5,-0.5,8712
"6401",6401,36,"gap",19,"b","0","-","-",14249,"Non-Native",65,0.5,-0.5,14249
"6412",6412,36,"gap",17,"b","0","-","-",30038,"Non-Native",65,0.5,-0.5,30038
"6418",6418,36,"gap",20,"a","0","-","-",12697,"Non-Native",65,0.5,0.5,12697
"6467",6467,36,"gap",21,"b","0","-","-",21145,"Non-Native",65,0.5,-0.5,21145
"6497",6497,37,"gap",19,"a","0","-","-",6381,"Non-Native",64,0.5,0.5,6381
"6507",6507,37,"gap",15,"a","0","-","-",9584,"Non-Native",64,0.5,0.5,9584
"6514",6514,37,"gap",23,"a","0","-","-",7226,"Non-Native",64,0.5,0.5,7226
"6521",6521,37,"gap",24,"b","0","-","-",11665,"Non-Native",64,0.5,-0.5,11665
"6561",6561,37,"gap",14,"b","0","-","-",6026,"Non-Native",64,0.5,-0.5,6026
"6586",6586,37,"gap",22,"b","0","-","-",14214,"Non-Native",64,0.5,-0.5,14214
"6603",6603,37,"gap",18,"b","0","-","-",8060,"Non-Native",64,0.5,-0.5,8060
"6614",6614,37,"gap",21,"a","0","-","-",8158,"Non-Native",64,0.5,0.5,8158
"6618",6618,37,"gap",20,"b","0","-","-",4961,"Non-Native",64,0.5,-0.5,4961
"6648",6648,37,"gap",13,"a","0","-","-",5183,"Non-Native",64,0.5,0.5,5183
"6654",6654,37,"gap",17,"a","0","-","-",6688,"Non-Native",64,0.5,0.5,6688
"6657",6657,37,"gap",16,"b","0","-","-",5041,"Non-Native",64,0.5,-0.5,5041
"6674",6674,38,"gap",23,"b","0","-","-",14686,"Non-Native",80,-0.5,-0.5,14686
"6681",6681,38,"gap",20,"a","0","-","-",9041,"Non-Native",80,-0.5,0.5,9041
"6693",6693,38,"gap",16,"a","0","-","-",12326,"Non-Native",80,-0.5,0.5,12326
"6704",6704,38,"gap",15,"b","0","-","-",17016,"Non-Native",80,-0.5,-0.5,17016
"6732",6732,38,"gap",21,"b","0","-","-",14816,"Non-Native",80,-0.5,-0.5,14816
"6738",6738,38,"gap",24,"a","0","-","-",34933,"Non-Native",80,-0.5,0.5,34933
"6759",6759,38,"gap",14,"a","0","-","-",4247,"Non-Native",80,-0.5,0.5,4247
"6769",6769,38,"gap",13,"b","0","-","-",7620,"Non-Native",80,-0.5,-0.5,7620
"6772",6772,38,"gap",18,"a","0","-","-",10903,"Non-Native",80,-0.5,0.5,10903
"6825",6825,38,"gap",22,"a","0","-","-",9507,"Non-Native",80,-0.5,0.5,9507
"6828",6828,38,"gap",17,"b","0","-","-",10547,"Non-Native",80,-0.5,-0.5,10547
"6832",6832,38,"gap",19,"b","0","-","-",6220,"Non-Native",80,-0.5,-0.5,6220
"6854",6854,39,"gap",14,"b","0","-","-",10176,"Non-Native",83,-0.5,-0.5,10176
"6888",6888,39,"gap",19,"a","0","-","-",9203,"Non-Native",83,-0.5,0.5,9203
"6895",6895,39,"gap",24,"b","0","-","-",7299,"Non-Native",83,-0.5,-0.5,7299
"6910",6910,39,"gap",17,"a","0","-","-",6070,"Non-Native",83,-0.5,0.5,6070
"6932",6932,39,"gap",20,"b","0","-","-",7191,"Non-Native",83,-0.5,-0.5,7191
"6939",6939,39,"gap",15,"a","0","-","-",4466,"Non-Native",83,-0.5,0.5,4466
"6942",6942,39,"gap",16,"b","0","-","-",4680,"Non-Native",83,-0.5,-0.5,4680
"6952",6952,39,"gap",18,"b","0","-","-",374,"Non-Native",83,-0.5,-0.5,374
"6956",6956,39,"gap",22,"b","0","-","-",10273,"Non-Native",83,-0.5,-0.5,10273
"6973",6973,39,"gap",13,"a","0","-","-",10170,"Non-Native",83,-0.5,0.5,10170
"7007",7007,39,"gap",23,"a","0","-","-",4565,"Non-Native",83,-0.5,0.5,4565
"7010",7010,39,"gap",21,"a","0","-","-",6488,"Non-Native",83,-0.5,0.5,6488
"7052",7052,40,"gap",13,"b","0","-","-",6525,"Non-Native",75,-0.5,-0.5,6525
"7060",7060,40,"gap",17,"b","0","-","-",16445,"Non-Native",75,-0.5,-0.5,16445
"7064",7064,40,"gap",20,"a","0","-","-",13645,"Non-Native",75,-0.5,0.5,13645
"7077",7077,40,"gap",21,"b","0","-","-",5287,"Non-Native",75,-0.5,-0.5,5287
"7104",7104,40,"gap",16,"a","0","-","-",12101,"Non-Native",75,-0.5,0.5,12101
"7118",7118,40,"gap",19,"b","0","-","-",8943,"Non-Native",75,-0.5,-0.5,8943
"7126",7126,40,"gap",24,"a","0","-","-",6230,"Non-Native",75,-0.5,0.5,6230
"7152",7152,40,"gap",18,"a","0","-","-",7111,"Non-Native",75,-0.5,0.5,7111
"7159",7159,40,"gap",22,"a","0","-","-",9765,"Non-Native",75,-0.5,0.5,9765
"7166",7166,40,"gap",15,"b","0","-","-",5349,"Non-Native",75,-0.5,-0.5,5349
"7180",7180,40,"gap",23,"b","0","-","-",6555,"Non-Native",75,-0.5,-0.5,6555
"7184",7184,40,"gap",14,"a","0","-","-",7322,"Non-Native",75,-0.5,0.5,7322
